census_tract,census_county,hvi
6037101110,Los Angeles County,36.53
6037101122,Los Angeles County,19.76
6037101210,Los Angeles County,43.45
6037101220,Los Angeles County,40.68
6037101300,Los Angeles County,23.03
6037101400,Los Angeles County,19.94
6037102103,Los Angeles County,33.86
6037102104,Los Angeles County,27.07
6037102105,Los Angeles County,34.68
6037102107,Los Angeles County,22.71
6037103101,Los Angeles County,26.16
6037103102,Los Angeles County,34.21
6037103200,Los Angeles County,30.18
6037103300,Los Angeles County,22.23
6037103400,Los Angeles County,28.47
6037104103,Los Angeles County,36.51
6037104105,Los Angeles County,52.33
6037104108,Los Angeles County,44.63
6037104124,Los Angeles County,29.10
6037104201,Los Angeles County,47.60
6037104203,Los Angeles County,54.96
6037104204,Los Angeles County,37.56
6037104310,Los Angeles County,50.55
6037104320,Los Angeles County,53.15
6037104401,Los Angeles County,54.57
6037104403,Los Angeles County,53.65
6037104404,Los Angeles County,59.57
6037104500,Los Angeles County,55.89
6037104610,Los Angeles County,56.17
6037104620,Los Angeles County,53.87
6037104701,Los Angeles County,61.39
6037104703,Los Angeles County,58.25
6037104704,Los Angeles County,48.06
6037104810,Los Angeles County,51.77
6037104821,Los Angeles County,50.85
6037104822,Los Angeles County,56.06
6037106010,Los Angeles County,36.88
6037106020,Los Angeles County,37.28
6037106111,Los Angeles County,31.83
6037106112,Los Angeles County,36.32
6037106113,Los Angeles County,36.58
6037106114,Los Angeles County,44.41
6037106403,Los Angeles County,40.89
6037106405,Los Angeles County,49.37
6037106406,Los Angeles County,33.13
6037106407,Los Angeles County,51.69
6037106408,Los Angeles County,50.73
6037106510,Los Angeles County,28.84
6037106520,Los Angeles County,45.23
6037106603,Los Angeles County,23.32
6037106604,Los Angeles County,42.93
6037106641,Los Angeles County,27.88
6037106642,Los Angeles County,28.76
6037106643,Los Angeles County,21.28
6037106645,Los Angeles County,26.81
6037106646,Los Angeles County,31.43
6037106648,Los Angeles County,54.37
6037106649,Los Angeles County,33.63
6037107010,Los Angeles County,44.96
6037107020,Los Angeles County,40.26
6037108101,Los Angeles County,22.69
6037108102,Los Angeles County,21.13
6037108103,Los Angeles County,17.66
6037108104,Los Angeles County,21.97
6037108201,Los Angeles County,21.01
6037108202,Los Angeles County,19.86
6037109100,Los Angeles County,35.21
6037109200,Los Angeles County,29.52
6037109300,Los Angeles County,35.46
6037109400,Los Angeles County,40.95
6037109500,Los Angeles County,46.12
6037109601,Los Angeles County,39.30
6037109603,Los Angeles County,41.51
6037109604,Los Angeles County,40.92
6037109700,Los Angeles County,32.62
6037109800,Los Angeles County,39.06
6037111100,Los Angeles County,34.22
6037111201,Los Angeles County,33.58
6037111202,Los Angeles County,31.55
6037111204,Los Angeles County,24.97
6037111205,Los Angeles County,29.28
6037111206,Los Angeles County,25.13
6037111301,Los Angeles County,32.03
6037111302,Los Angeles County,31.35
6037111400,Los Angeles County,40.31
6037113101,Los Angeles County,28.40
6037113102,Los Angeles County,19.23
6037113211,Los Angeles County,17.84
6037113212,Los Angeles County,27.98
6037113213,Los Angeles County,32.65
6037113231,Los Angeles County,20.61
6037113232,Los Angeles County,29.16
6037113233,Los Angeles County,44.72
6037113234,Los Angeles County,45.71
6037113235,Los Angeles County,25.13
6037113237,Los Angeles County,28.41
6037113301,Los Angeles County,30.44
6037113303,Los Angeles County,32.14
6037113321,Los Angeles County,39.83
6037113322,Los Angeles County,30.08
6037113401,Los Angeles County,35.82
6037113421,Los Angeles County,41.31
6037113422,Los Angeles County,41.03
6037115101,Los Angeles County,28.72
6037115103,Los Angeles County,34.29
6037115104,Los Angeles County,38.17
6037115201,Los Angeles County,33.68
6037115202,Los Angeles County,33.10
6037115301,Los Angeles County,33.31
6037115302,Los Angeles County,50.51
6037115401,Los Angeles County,36.65
6037115403,Los Angeles County,43.68
6037115404,Los Angeles County,42.04
6037117101,Los Angeles County,45.80
6037117102,Los Angeles County,33.89
6037117201,Los Angeles County,55.81
6037117202,Los Angeles County,37.13
6037117301,Los Angeles County,37.21
6037117302,Los Angeles County,36.37
6037117303,Los Angeles County,36.32
6037117404,Los Angeles County,38.92
6037117405,Los Angeles County,69.50
6037117407,Los Angeles County,70.04
6037117408,Los Angeles County,57.68
6037117510,Los Angeles County,62.20
6037117520,Los Angeles County,60.71
6037117530,Los Angeles County,55.80
6037119001,Los Angeles County,42.57
6037119002,Los Angeles County,49.72
6037119201,Los Angeles County,44.91
6037119202,Los Angeles County,47.00
6037119310,Los Angeles County,41.72
6037119320,Los Angeles County,60.09
6037119340,Los Angeles County,72.29
6037119341,Los Angeles County,48.36
6037119342,Los Angeles County,54.72
6037119400,Los Angeles County,48.62
6037119700,Los Angeles County,45.44
6037119800,Los Angeles County,45.74
6037119900,Los Angeles County,46.63
6037120010,Los Angeles County,51.82
6037120020,Los Angeles County,60.93
6037120030,Los Angeles County,69.12
6037120103,Los Angeles County,76.33
6037120104,Los Angeles County,67.86
6037120105,Los Angeles County,62.86
6037120106,Los Angeles County,66.14
6037120107,Los Angeles County,69.42
6037120108,Los Angeles County,61.84
6037120300,Los Angeles County,49.62
6037120400,Los Angeles County,54.61
6037121010,Los Angeles County,45.81
6037121020,Los Angeles County,49.13
6037121101,Los Angeles County,53.71
6037121102,Los Angeles County,40.84
6037121210,Los Angeles County,46.92
6037121221,Los Angeles County,46.72
6037121222,Los Angeles County,54.49
6037121600,Los Angeles County,42.18
6037121801,Los Angeles County,57.34
6037121802,Los Angeles County,51.28
6037121900,Los Angeles County,46.45
6037122000,Los Angeles County,44.07
6037122120,Los Angeles County,51.60
6037122121,Los Angeles County,53.68
6037122122,Los Angeles County,58.25
6037122200,Los Angeles County,53.78
6037122410,Los Angeles County,64.04
6037122420,Los Angeles County,54.44
6037123010,Los Angeles County,59.88
6037123020,Los Angeles County,52.70
6037123103,Los Angeles County,43.08
6037123104,Los Angeles County,46.48
6037123203,Los Angeles County,57.94
6037123204,Los Angeles County,54.50
6037123205,Los Angeles County,53.64
6037123206,Los Angeles County,56.02
6037123301,Los Angeles County,40.58
6037123303,Los Angeles County,48.80
6037123304,Los Angeles County,53.32
6037123410,Los Angeles County,52.32
6037123420,Los Angeles County,55.96
6037123510,Los Angeles County,46.75
6037123520,Los Angeles County,45.91
6037123601,Los Angeles County,38.42
6037123602,Los Angeles County,40.48
6037123700,Los Angeles County,39.15
6037123800,Los Angeles County,38.60
6037123901,Los Angeles County,46.48
6037123902,Los Angeles County,32.68
6037124000,Los Angeles County,30.44
6037124102,Los Angeles County,46.61
6037124103,Los Angeles County,56.84
6037124104,Los Angeles County,54.26
6037124105,Los Angeles County,49.42
6037124201,Los Angeles County,42.07
6037124203,Los Angeles County,49.48
6037124204,Los Angeles County,50.18
6037124300,Los Angeles County,42.22
6037124400,Los Angeles County,35.16
6037124500,Los Angeles County,35.86
6037124600,Los Angeles County,28.66
6037124700,Los Angeles County,26.17
6037124902,Los Angeles County,42.89
6037124903,Los Angeles County,41.33
6037125100,Los Angeles County,32.49
6037125200,Los Angeles County,36.12
6037125310,Los Angeles County,49.20
6037125320,Los Angeles County,49.79
6037125401,Los Angeles County,42.48
6037125402,Los Angeles County,34.58
6037125501,Los Angeles County,41.99
6037125502,Los Angeles County,37.43
6037125600,Los Angeles County,29.56
6037127102,Los Angeles County,57.45
6037127103,Los Angeles County,58.23
6037127104,Los Angeles County,56.65
6037127210,Los Angeles County,56.10
6037127220,Los Angeles County,65.64
6037127300,Los Angeles County,43.31
6037127400,Los Angeles County,56.67
6037127520,Los Angeles County,58.72
6037127603,Los Angeles County,55.68
6037127604,Los Angeles County,55.93
6037127605,Los Angeles County,52.01
6037127606,Los Angeles County,46.27
6037127711,Los Angeles County,41.25
6037127712,Los Angeles County,50.15
6037127803,Los Angeles County,66.14
6037127804,Los Angeles County,54.93
6037127805,Los Angeles County,50.99
6037127806,Los Angeles County,48.09
6037127910,Los Angeles County,61.38
6037127920,Los Angeles County,50.35
6037128101,Los Angeles County,39.47
6037128102,Los Angeles County,55.07
6037128210,Los Angeles County,64.99
6037128220,Los Angeles County,43.86
6037128302,Los Angeles County,56.20
6037128303,Los Angeles County,66.36
6037128400,Los Angeles County,37.62
6037128500,Los Angeles County,34.74
6037128601,Los Angeles County,47.38
6037128602,Los Angeles County,32.82
6037128702,Los Angeles County,28.04
6037128801,Los Angeles County,33.53
6037128802,Los Angeles County,33.54
6037128910,Los Angeles County,31.54
6037131010,Los Angeles County,51.36
6037131020,Los Angeles County,47.65
6037131100,Los Angeles County,36.88
6037131200,Los Angeles County,33.55
6037131300,Los Angeles County,43.86
6037131400,Los Angeles County,44.16
6037131600,Los Angeles County,38.93
6037131701,Los Angeles County,48.56
6037131702,Los Angeles County,49.48
6037131800,Los Angeles County,48.36
6037131900,Los Angeles County,40.18
6037132001,Los Angeles County,39.06
6037132002,Los Angeles County,38.37
6037132101,Los Angeles County,44.58
6037132102,Los Angeles County,46.79
6037132300,Los Angeles County,55.02
6037132501,Los Angeles County,47.96
6037132502,Los Angeles County,51.14
6037132700,Los Angeles County,51.15
6037132900,Los Angeles County,35.13
6037133000,Los Angeles County,46.84
6037133100,Los Angeles County,48.86
6037134001,Los Angeles County,52.61
6037134002,Los Angeles County,46.78
6037134101,Los Angeles County,43.52
6037134103,Los Angeles County,41.33
6037134104,Los Angeles County,44.84
6037134201,Los Angeles County,36.91
6037134302,Los Angeles County,33.81
6037134303,Los Angeles County,34.57
6037134304,Los Angeles County,39.51
6037134305,Los Angeles County,63.57
6037134306,Los Angeles County,36.82
6037134421,Los Angeles County,22.33
6037134422,Los Angeles County,25.91
6037134423,Los Angeles County,32.57
6037134424,Los Angeles County,17.71
6037134520,Los Angeles County,55.43
6037134521,Los Angeles County,64.42
6037134522,Los Angeles County,49.78
6037134710,Los Angeles County,54.62
6037134720,Los Angeles County,45.47
6037134800,Los Angeles County,39.40
6037134901,Los Angeles County,36.41
6037134903,Los Angeles County,38.43
6037134904,Los Angeles County,42.11
6037134905,Los Angeles County,21.37
6037135102,Los Angeles County,27.26
6037135111,Los Angeles County,31.49
6037135113,Los Angeles County,33.39
6037135114,Los Angeles County,38.27
6037135201,Los Angeles County,28.50
6037135202,Los Angeles County,26.52
6037135203,Los Angeles County,25.94
6037137000,Los Angeles County,
6037137103,Los Angeles County,32.04
6037137104,Los Angeles County,25.46
6037137201,Los Angeles County,29.62
6037137301,Los Angeles County,23.17
6037137302,Los Angeles County,23.88
6037137401,Los Angeles County,24.04
6037137402,Los Angeles County,25.05
6037137501,Los Angeles County,25.65
6037137502,Los Angeles County,25.20
6037137504,Los Angeles County,12.30
6037138000,Los Angeles County,16.61
6037139001,Los Angeles County,30.81
6037139200,Los Angeles County,31.16
6037139301,Los Angeles County,28.05
6037139302,Los Angeles County,44.34
6037139303,Los Angeles County,44.32
6037139401,Los Angeles County,42.56
6037139402,Los Angeles County,25.94
6037139502,Los Angeles County,34.33
6037139503,Los Angeles County,42.32
6037139504,Los Angeles County,43.74
6037139600,Los Angeles County,25.25
6037139701,Los Angeles County,22.67
6037139702,Los Angeles County,14.81
6037139703,Los Angeles County,19.88
6037139801,Los Angeles County,23.67
6037139802,Los Angeles County,18.52
6037141101,Los Angeles County,31.30
6037141102,Los Angeles County,27.69
6037141201,Los Angeles County,33.07
6037141202,Los Angeles County,28.05
6037141302,Los Angeles County,31.81
6037141303,Los Angeles County,36.33
6037141304,Los Angeles County,32.34
6037141400,Los Angeles County,28.96
6037141500,Los Angeles County,15.36
6037141600,Los Angeles County,13.08
6037141700,Los Angeles County,10.45
6037143100,Los Angeles County,27.84
6037143200,Los Angeles County,31.26
6037143300,Los Angeles County,27.10
6037143400,Los Angeles County,25.55
6037143500,Los Angeles County,25.93
6037143602,Los Angeles County,25.96
6037143603,Los Angeles County,26.62
6037143604,Los Angeles County,30.91
6037143700,Los Angeles County,13.20
6037143800,Los Angeles County,19.83
6037143901,Los Angeles County,13.80
6037143902,Los Angeles County,13.47
6037181000,Los Angeles County,27.86
6037181300,Los Angeles County,28.49
6037181400,Los Angeles County,38.57
6037181500,Los Angeles County,27.06
6037181600,Los Angeles County,28.70
6037183101,Los Angeles County,35.29
6037183103,Los Angeles County,45.47
6037183104,Los Angeles County,35.40
6037183220,Los Angeles County,49.80
6037183221,Los Angeles County,35.97
6037183222,Los Angeles County,33.80
6037183300,Los Angeles County,42.90
6037183401,Los Angeles County,40.90
6037183402,Los Angeles County,42.35
6037183510,Los Angeles County,40.56
6037183520,Los Angeles County,50.66
6037183610,Los Angeles County,52.40
6037183620,Los Angeles County,46.99
6037183701,Los Angeles County,47.56
6037183702,Los Angeles County,35.47
6037183810,Los Angeles County,56.72
6037183820,Los Angeles County,54.24
6037185100,Los Angeles County,35.81
6037185202,Los Angeles County,41.89
6037185203,Los Angeles County,51.12
6037185204,Los Angeles County,32.17
6037185310,Los Angeles County,56.02
6037185320,Los Angeles County,60.28
6037186100,Los Angeles County,36.71
6037186201,Los Angeles County,40.35
6037186202,Los Angeles County,40.48
6037186203,Los Angeles County,31.49
6037186301,Los Angeles County,48.24
6037186302,Los Angeles County,38.76
6037186401,Los Angeles County,60.88
6037186403,Los Angeles County,51.79
6037186404,Los Angeles County,54.65
6037187101,Los Angeles County,44.45
6037187102,Los Angeles County,46.59
6037187200,Los Angeles County,49.87
6037187300,Los Angeles County,31.00
6037188100,Los Angeles County,45.30
6037188201,Los Angeles County,28.59
6037188202,Los Angeles County,29.70
6037188300,Los Angeles County,38.42
6037189101,Los Angeles County,43.39
6037189102,Los Angeles County,37.56
6037189201,Los Angeles County,51.01
6037189202,Los Angeles County,32.42
6037189300,Los Angeles County,20.69
6037189400,Los Angeles County,18.81
6037189500,Los Angeles County,32.77
6037189600,Los Angeles County,25.37
6037189701,Los Angeles County,17.99
6037189702,Los Angeles County,22.19
6037189800,Los Angeles County,34.19
6037189902,Los Angeles County,39.43
6037189903,Los Angeles County,36.50
6037189904,Los Angeles County,41.23
6037189905,Los Angeles County,36.00
6037190100,Los Angeles County,44.48
6037190201,Los Angeles County,59.59
6037190202,Los Angeles County,48.95
6037190301,Los Angeles County,42.95
6037190401,Los Angeles County,52.18
6037190402,Los Angeles County,55.30
6037190510,Los Angeles County,62.89
6037190520,Los Angeles County,61.77
6037190700,Los Angeles County,57.67
6037190801,Los Angeles County,59.64
6037190802,Los Angeles County,52.89
6037190901,Los Angeles County,62.43
6037190902,Los Angeles County,57.10
6037191000,Los Angeles County,55.05
6037191110,Los Angeles County,59.31
6037191120,Los Angeles County,56.67
6037191201,Los Angeles County,56.80
6037191203,Los Angeles County,58.56
6037191204,Los Angeles County,48.96
6037191301,Los Angeles County,57.07
6037191302,Los Angeles County,52.36
6037191410,Los Angeles County,66.08
6037191420,Los Angeles County,59.36
6037191500,Los Angeles County,58.96
6037191610,Los Angeles County,54.20
6037191620,Los Angeles County,67.14
6037191710,Los Angeles County,68.58
6037191720,Los Angeles County,69.02
6037191810,Los Angeles County,61.26
6037191820,Los Angeles County,50.68
6037191901,Los Angeles County,42.98
6037191902,Los Angeles County,35.29
6037192001,Los Angeles County,37.43
6037192002,Los Angeles County,29.24
6037192300,Los Angeles County,32.63
6037192410,Los Angeles County,39.44
6037192420,Los Angeles County,53.39
6037192510,Los Angeles County,56.65
6037192520,Los Angeles County,57.98
6037192610,Los Angeles County,56.65
6037192620,Los Angeles County,64.10
6037192700,Los Angeles County,51.94
6037194101,Los Angeles County,18.71
6037194102,Los Angeles County,12.73
6037194200,Los Angeles County,12.11
6037194300,Los Angeles County,13.66
6037194401,Los Angeles County,33.04
6037194402,Los Angeles County,32.54
6037194500,Los Angeles County,36.58
6037195100,Los Angeles County,29.19
6037195201,Los Angeles County,33.56
6037195202,Los Angeles County,30.54
6037195300,Los Angeles County,40.08
6037195400,Los Angeles County,30.95
6037195500,Los Angeles County,34.64
6037195600,Los Angeles County,45.90
6037195710,Los Angeles County,57.53
6037195720,Los Angeles County,47.72
6037195802,Los Angeles County,51.23
6037195803,Los Angeles County,43.42
6037195804,Los Angeles County,44.87
6037195901,Los Angeles County,39.45
6037195902,Los Angeles County,35.74
6037195903,Los Angeles County,39.06
6037197200,Los Angeles County,41.89
6037197300,Los Angeles County,41.00
6037197410,Los Angeles County,26.10
6037197420,Los Angeles County,46.30
6037197500,Los Angeles County,44.66
6037197600,Los Angeles County,40.03
6037197700,Los Angeles County,47.66
6037199000,Los Angeles County,57.66
6037199110,Los Angeles County,39.12
6037199120,Los Angeles County,54.66
6037199201,Los Angeles County,57.44
6037199202,Los Angeles County,38.11
6037199300,Los Angeles County,34.97
6037199400,Los Angeles County,53.61
6037199700,Los Angeles County,55.76
6037199800,Los Angeles County,58.11
6037199900,Los Angeles County,62.43
6037201110,Los Angeles County,42.15
6037201120,Los Angeles County,43.97
6037201200,Los Angeles County,50.77
6037201301,Los Angeles County,47.01
6037201302,Los Angeles County,26.82
6037201401,Los Angeles County,51.53
6037201402,Los Angeles County,46.33
6037201501,Los Angeles County,50.56
6037201503,Los Angeles County,55.49
6037201504,Los Angeles County,48.94
6037201601,Los Angeles County,44.53
6037201602,Los Angeles County,46.34
6037201700,Los Angeles County,42.64
6037203100,Los Angeles County,63.48
6037203200,Los Angeles County,56.28
6037203300,Los Angeles County,70.51
6037203500,Los Angeles County,63.53
6037203600,Los Angeles County,72.15
6037203710,Los Angeles County,64.92
6037203720,Los Angeles County,73.84
6037203800,Los Angeles County,53.14
6037203900,Los Angeles County,54.66
6037204110,Los Angeles County,57.84
6037204120,Los Angeles County,53.81
6037204200,Los Angeles County,71.62
6037204300,Los Angeles County,67.78
6037204410,Los Angeles County,73.31
6037204420,Los Angeles County,80.89
6037204600,Los Angeles County,62.65
6037204700,Los Angeles County,58.36
6037204810,Los Angeles County,54.63
6037204820,Los Angeles County,58.35
6037204910,Los Angeles County,61.76
6037204920,Los Angeles County,58.27
6037205110,Los Angeles County,66.92
6037205120,Los Angeles County,66.06
6037206010,Los Angeles County,57.60
6037206020,Los Angeles County,40.39
6037206031,Los Angeles County,51.89
6037206032,Los Angeles County,69.54
6037206050,Los Angeles County,65.57
6037206200,Los Angeles County,69.69
6037206300,Los Angeles County,85.88
6037207101,Los Angeles County,52.82
6037207102,Los Angeles County,67.73
6037207103,Los Angeles County,64.72
6037207301,Los Angeles County,71.26
6037207302,Los Angeles County,60.04
6037207400,Los Angeles County,71.93
6037207501,Los Angeles County,34.78
6037207502,Los Angeles County,61.44
6037207710,Los Angeles County,54.90
6037207900,Los Angeles County,54.76
6037208000,Los Angeles County,49.63
6037208301,Los Angeles County,65.81
6037208302,Los Angeles County,64.87
6037208401,Los Angeles County,65.53
6037208402,Los Angeles County,52.90
6037208501,Los Angeles County,51.06
6037208502,Los Angeles County,54.24
6037208610,Los Angeles County,55.28
6037208620,Los Angeles County,49.72
6037208710,Los Angeles County,44.82
6037208720,Los Angeles County,73.68
6037208801,Los Angeles County,66.79
6037208802,Los Angeles County,62.59
6037208902,Los Angeles County,86.99
6037208903,Los Angeles County,79.33
6037208904,Los Angeles County,81.81
6037209102,Los Angeles County,81.93
6037209103,Los Angeles County,79.07
6037209104,Los Angeles County,68.68
6037209200,Los Angeles County,62.32
6037209300,Los Angeles County,62.55
6037209401,Los Angeles County,73.10
6037209402,Los Angeles County,89.25
6037209403,Los Angeles County,73.88
6037209510,Los Angeles County,60.91
6037209520,Los Angeles County,72.31
6037209810,Los Angeles County,70.65
6037209820,Los Angeles County,64.34
6037210010,Los Angeles County,75.78
6037211000,Los Angeles County,28.52
6037211120,Los Angeles County,46.30
6037211121,Los Angeles County,42.60
6037211122,Los Angeles County,59.30
6037211201,Los Angeles County,62.32
6037211202,Los Angeles County,63.00
6037211310,Los Angeles County,62.07
6037211320,Los Angeles County,64.53
6037211410,Los Angeles County,56.63
6037211420,Los Angeles County,49.61
6037211500,Los Angeles County,40.82
6037211701,Los Angeles County,36.44
6037211703,Los Angeles County,51.01
6037211704,Los Angeles County,48.94
6037211802,Los Angeles County,50.05
6037211803,Los Angeles County,51.56
6037211804,Los Angeles County,50.38
6037211910,Los Angeles County,57.30
6037211921,Los Angeles County,56.19
6037211922,Los Angeles County,55.44
6037212101,Los Angeles County,51.29
6037212102,Los Angeles County,57.03
6037212202,Los Angeles County,60.02
6037212203,Los Angeles County,79.68
6037212204,Los Angeles County,69.66
6037212303,Los Angeles County,72.93
6037212304,Los Angeles County,66.03
6037212305,Los Angeles County,67.38
6037212306,Los Angeles County,59.38
6037212410,Los Angeles County,59.34
6037212420,Los Angeles County,60.76
6037212501,Los Angeles County,46.97
6037212502,Los Angeles County,51.09
6037212610,Los Angeles County,53.11
6037212620,Los Angeles County,56.13
6037212701,Los Angeles County,45.43
6037212702,Los Angeles County,33.70
6037212800,Los Angeles County,50.32
6037212900,Los Angeles County,63.22
6037213100,Los Angeles County,51.36
6037213201,Los Angeles County,64.75
6037213202,Los Angeles County,66.55
6037213310,Los Angeles County,67.69
6037213320,Los Angeles County,65.59
6037213401,Los Angeles County,67.12
6037213402,Los Angeles County,62.06
6037214000,Los Angeles County,30.44
6037214100,Los Angeles County,30.71
6037214400,Los Angeles County,35.29
6037214501,Los Angeles County,33.97
6037214502,Los Angeles County,33.54
6037214503,Los Angeles County,32.30
6037214600,Los Angeles County,33.30
6037214700,Los Angeles County,30.88
6037214800,Los Angeles County,36.56
6037214901,Los Angeles County,34.32
6037214902,Los Angeles County,38.21
6037215101,Los Angeles County,38.27
6037215102,Los Angeles County,38.19
6037216100,Los Angeles County,30.22
6037216200,Los Angeles County,38.79
6037216300,Los Angeles County,31.57
6037216401,Los Angeles County,42.82
6037216402,Los Angeles County,36.61
6037216700,Los Angeles County,36.46
6037216800,Los Angeles County,30.99
6037216900,Los Angeles County,41.53
6037217001,Los Angeles County,37.75
6037217002,Los Angeles County,36.87
6037217100,Los Angeles County,44.18
6037217200,Los Angeles County,45.97
6037218110,Los Angeles County,50.42
6037218120,Los Angeles County,62.53
6037218210,Los Angeles County,60.23
6037218220,Los Angeles County,53.52
6037218300,Los Angeles County,46.48
6037218400,Los Angeles County,52.34
6037218500,Los Angeles County,57.52
6037218600,Los Angeles County,50.48
6037218701,Los Angeles County,44.74
6037218702,Los Angeles County,57.49
6037218800,Los Angeles County,51.51
6037218900,Los Angeles County,59.01
6037219010,Los Angeles County,60.28
6037219020,Los Angeles County,55.98
6037219300,Los Angeles County,63.13
6037219500,Los Angeles County,44.78
6037219700,Los Angeles County,56.40
6037219800,Los Angeles County,64.64
6037219901,Los Angeles County,69.62
6037219902,Los Angeles County,54.25
6037220000,Los Angeles County,57.37
6037220100,Los Angeles County,54.86
6037221110,Los Angeles County,69.79
6037221120,Los Angeles County,61.19
6037221210,Los Angeles County,62.13
6037221220,Los Angeles County,58.53
6037221302,Los Angeles County,62.65
6037221303,Los Angeles County,68.28
6037221304,Los Angeles County,61.94
6037221401,Los Angeles County,67.49
6037221402,Los Angeles County,49.46
6037221500,Los Angeles County,60.63
6037221601,Los Angeles County,58.61
6037221602,Los Angeles County,63.96
6037221710,Los Angeles County,59.04
6037221810,Los Angeles County,64.98
6037221820,Los Angeles County,55.70
6037221900,Los Angeles County,62.59
6037222001,Los Angeles County,56.66
6037222002,Los Angeles County,61.78
6037222100,Los Angeles County,57.26
6037222200,Los Angeles County,61.18
6037222500,Los Angeles County,57.83
6037222600,Los Angeles County,57.71
6037222700,Los Angeles County,43.35
6037224010,Los Angeles County,75.64
6037224020,Los Angeles County,74.42
6037224200,Los Angeles County,74.31
6037224310,Los Angeles County,70.49
6037224320,Los Angeles County,70.02
6037224410,Los Angeles County,60.87
6037224420,Los Angeles County,63.96
6037224600,Los Angeles County,64.63
6037224700,Los Angeles County,60.51
6037226001,Los Angeles County,74.02
6037226002,Los Angeles County,90.81
6037226410,Los Angeles County,71.69
6037226420,Los Angeles County,66.68
6037226700,Los Angeles County,67.20
6037227010,Los Angeles County,63.68
6037227020,Los Angeles County,64.81
6037228100,Los Angeles County,68.89
6037228210,Los Angeles County,65.52
6037228220,Los Angeles County,65.49
6037228310,Los Angeles County,67.77
6037228320,Los Angeles County,62.13
6037228410,Los Angeles County,65.45
6037228420,Los Angeles County,64.96
6037228500,Los Angeles County,67.72
6037228600,Los Angeles County,71.06
6037228710,Los Angeles County,64.22
6037228720,Los Angeles County,68.05
6037228800,Los Angeles County,62.81
6037228900,Los Angeles County,71.19
6037229100,Los Angeles County,58.36
6037229200,Los Angeles County,68.22
6037229300,Los Angeles County,69.20
6037229410,Los Angeles County,68.11
6037229420,Los Angeles County,62.31
6037231100,Los Angeles County,65.32
6037231210,Los Angeles County,68.77
6037231220,Los Angeles County,66.98
6037231300,Los Angeles County,65.95
6037231400,Los Angeles County,62.43
6037231500,Los Angeles County,59.94
6037231600,Los Angeles County,66.41
6037231710,Los Angeles County,77.55
6037231720,Los Angeles County,77.38
6037231800,Los Angeles County,72.43
6037231900,Los Angeles County,63.17
6037232110,Los Angeles County,68.08
6037232120,Los Angeles County,74.76
6037232200,Los Angeles County,65.45
6037232300,Los Angeles County,58.08
6037232400,Los Angeles County,60.87
6037232500,Los Angeles County,65.19
6037232600,Los Angeles County,57.47
6037232700,Los Angeles County,65.23
6037232800,Los Angeles County,59.58
6037234000,Los Angeles County,45.59
6037234200,Los Angeles County,40.00
6037234300,Los Angeles County,53.11
6037234501,Los Angeles County,53.33
6037234502,Los Angeles County,54.27
6037234600,Los Angeles County,57.92
6037234700,Los Angeles County,63.56
6037234800,Los Angeles County,57.92
6037234901,Los Angeles County,76.53
6037234902,Los Angeles County,70.81
6037235100,Los Angeles County,42.31
6037235201,Los Angeles County,56.73
6037235202,Los Angeles County,60.35
6037236000,Los Angeles County,29.52
6037236100,Los Angeles County,61.97
6037236202,Los Angeles County,66.29
6037236203,Los Angeles County,55.08
6037236204,Los Angeles County,64.81
6037236400,Los Angeles County,45.30
6037237101,Los Angeles County,72.56
6037237102,Los Angeles County,65.23
6037237201,Los Angeles County,59.69
6037237202,Los Angeles County,69.01
6037237300,Los Angeles County,67.06
6037237401,Los Angeles County,62.40
6037237402,Los Angeles County,61.15
6037237500,Los Angeles County,75.09
6037237600,Los Angeles County,65.09
6037237710,Los Angeles County,62.84
6037237720,Los Angeles County,67.04
6037237800,Los Angeles County,54.16
6037237900,Los Angeles County,55.26
6037238000,Los Angeles County,59.76
6037238100,Los Angeles County,58.83
6037238200,Los Angeles County,56.35
6037238310,Los Angeles County,69.97
6037238320,Los Angeles County,67.73
6037238400,Los Angeles County,55.26
6037239201,Los Angeles County,72.54
6037239202,Los Angeles County,64.57
6037239310,Los Angeles County,72.43
6037239320,Los Angeles County,70.33
6037239330,Los Angeles County,55.96
6037239501,Los Angeles County,63.31
6037239502,Los Angeles County,62.31
6037239601,Los Angeles County,72.64
6037239602,Los Angeles County,71.67
6037239701,Los Angeles County,71.98
6037239702,Los Angeles County,65.95
6037239801,Los Angeles County,64.49
6037239802,Los Angeles County,60.25
6037240010,Los Angeles County,61.96
6037240020,Los Angeles County,59.44
6037240200,Los Angeles County,66.06
6037240300,Los Angeles County,60.86
6037240401,Los Angeles County,60.88
6037240402,Los Angeles County,60.14
6037240500,Los Angeles County,64.28
6037240600,Los Angeles County,62.93
6037240700,Los Angeles County,55.44
6037240800,Los Angeles County,53.12
6037240900,Los Angeles County,62.92
6037241001,Los Angeles County,61.15
6037241002,Los Angeles County,52.12
6037241110,Los Angeles County,63.04
6037241120,Los Angeles County,66.79
6037241201,Los Angeles County,56.95
6037241202,Los Angeles County,61.92
6037241300,Los Angeles County,60.55
6037241400,Los Angeles County,62.95
6037242000,Los Angeles County,59.88
6037242100,Los Angeles County,70.65
6037242200,Los Angeles County,63.42
6037242300,Los Angeles County,63.72
6037242600,Los Angeles County,77.12
6037242700,Los Angeles County,60.66
6037243000,Los Angeles County,59.83
6037243100,Los Angeles County,73.13
6037261101,Los Angeles County,10.27
6037261102,Los Angeles County,5.91
6037261200,Los Angeles County,6.00
6037262100,Los Angeles County,5.44
6037262200,Los Angeles County,5.69
6037262301,Los Angeles County,9.83
6037262302,Los Angeles County,11.72
6037262303,Los Angeles County,14.18
6037262400,Los Angeles County,10.09
6037262501,Los Angeles County,17.51
6037262601,Los Angeles County,12.03
6037262604,Los Angeles County,14.66
6037262704,Los Angeles County,17.37
6037262706,Los Angeles County,17.74
6037262802,Los Angeles County,11.64
6037264000,Los Angeles County,17.52
6037264102,Los Angeles County,23.25
6037264103,Los Angeles County,29.50
6037264301,Los Angeles County,29.32
6037264302,Los Angeles County,25.97
6037265100,Los Angeles County,18.76
6037265201,Los Angeles County,28.30
6037265202,Los Angeles County,29.69
6037265301,Los Angeles County,19.63
6037265303,Los Angeles County,39.79
6037265304,Los Angeles County,45.23
6037265305,Los Angeles County,40.76
6037265410,Los Angeles County,22.88
6037265420,Los Angeles County,21.21
6037265510,Los Angeles County,36.29
6037265520,Los Angeles County,27.86
6037265601,Los Angeles County,28.68
6037265602,Los Angeles County,30.22
6037265700,Los Angeles County,25.61
6037267100,Los Angeles County,28.89
6037267200,Los Angeles County,30.72
6037267300,Los Angeles County,37.64
6037267402,Los Angeles County,32.78
6037267403,Los Angeles County,35.03
6037267404,Los Angeles County,32.83
6037267501,Los Angeles County,39.10
6037267502,Los Angeles County,36.84
6037267600,Los Angeles County,30.61
6037267700,Los Angeles County,34.67
6037267800,Los Angeles County,27.79
6037267901,Los Angeles County,24.69
6037267902,Los Angeles County,27.55
6037269000,Los Angeles County,23.91
6037269100,Los Angeles County,31.25
6037269300,Los Angeles County,23.75
6037269500,Los Angeles County,24.43
6037269601,Los Angeles County,42.16
6037269602,Los Angeles County,40.68
6037269700,Los Angeles County,37.15
6037269800,Los Angeles County,36.86
6037269903,Los Angeles County,40.54
6037269904,Los Angeles County,40.23
6037269905,Los Angeles County,40.55
6037269906,Los Angeles County,39.03
6037269907,Los Angeles County,38.69
6037270100,Los Angeles County,40.56
6037270200,Los Angeles County,39.36
6037270300,Los Angeles County,38.68
6037271100,Los Angeles County,26.25
6037271200,Los Angeles County,34.75
6037271300,Los Angeles County,26.91
6037271400,Los Angeles County,27.84
6037271500,Los Angeles County,28.25
6037271600,Los Angeles County,32.37
6037271701,Los Angeles County,32.32
6037271702,Los Angeles County,38.26
6037271801,Los Angeles County,39.62
6037271802,Los Angeles County,39.91
6037271901,Los Angeles County,34.38
6037271902,Los Angeles County,32.55
6037272100,Los Angeles County,31.43
6037272201,Los Angeles County,40.69
6037272202,Los Angeles County,40.48
6037272301,Los Angeles County,34.83
6037272302,Los Angeles County,42.95
6037273100,Los Angeles County,29.32
6037273200,Los Angeles County,38.07
6037273300,Los Angeles County,36.16
6037273402,Los Angeles County,36.66
6037273502,Los Angeles County,35.56
6037273600,Los Angeles County,31.74
6037273700,Los Angeles County,29.88
6037273800,Los Angeles County,31.55
6037273902,Los Angeles County,30.69
6037274100,Los Angeles County,35.77
6037274202,Los Angeles County,35.66
6037275101,Los Angeles County,30.80
6037275102,Los Angeles County,38.55
6037275200,Los Angeles County,42.78
6037275302,Los Angeles County,29.55
6037275311,Los Angeles County,32.69
6037275400,Los Angeles County,32.91
6037275500,Los Angeles County,45.32
6037275602,Los Angeles County,26.71
6037275603,Los Angeles County,36.36
6037276000,Los Angeles County,29.38
6037276100,Los Angeles County,34.17
6037276400,Los Angeles County,30.41
6037276500,Los Angeles County,26.48
6037276601,Los Angeles County,25.34
6037276603,Los Angeles County,29.22
6037276604,Los Angeles County,31.54
6037277000,Los Angeles County,28.54
6037277100,Los Angeles County,30.48
6037277200,Los Angeles County,40.89
6037277400,Los Angeles County,38.74
6037278001,Los Angeles County,36.45
6037278102,Los Angeles County,24.91
6037291110,Los Angeles County,51.49
6037291120,Los Angeles County,50.79
6037291130,Los Angeles County,47.21
6037291210,Los Angeles County,52.18
6037291220,Los Angeles County,55.40
6037291300,Los Angeles County,38.67
6037292000,Los Angeles County,52.82
6037293201,Los Angeles County,44.21
6037293202,Los Angeles County,52.59
6037293301,Los Angeles County,33.38
6037293302,Los Angeles County,39.64
6037293304,Los Angeles County,44.81
6037293306,Los Angeles County,37.84
6037293307,Los Angeles County,47.36
6037294110,Los Angeles County,44.98
6037294120,Los Angeles County,56.97
6037294200,Los Angeles County,49.52
6037294301,Los Angeles County,45.80
6037294302,Los Angeles County,51.07
6037294410,Los Angeles County,45.16
6037294421,Los Angeles County,51.98
6037294510,Los Angeles County,58.76
6037294520,Los Angeles County,56.87
6037294610,Los Angeles County,57.63
6037294620,Los Angeles County,58.05
6037294701,Los Angeles County,66.25
6037294810,Los Angeles County,67.06
6037294820,Los Angeles County,70.69
6037294830,Los Angeles County,62.37
6037294900,Los Angeles County,59.68
6037295103,Los Angeles County,28.63
6037296210,Los Angeles County,60.29
6037296220,Los Angeles County,62.17
6037296300,Los Angeles County,30.48
6037296401,Los Angeles County,31.58
6037296402,Los Angeles County,34.28
6037296500,Los Angeles County,53.69
6037296600,Los Angeles County,61.97
6037296901,Los Angeles County,60.19
6037296902,Los Angeles County,52.87
6037297000,Los Angeles County,35.00
6037297110,Los Angeles County,66.39
6037297120,Los Angeles County,59.90
6037297201,Los Angeles County,50.74
6037297202,Los Angeles County,46.13
6037297300,Los Angeles County,34.60
6037297400,Los Angeles County,27.11
6037297500,Los Angeles County,38.11
6037297601,Los Angeles County,40.91
6037297602,Los Angeles County,44.35
6037300100,Los Angeles County,15.10
6037300200,Los Angeles County,28.29
6037300301,Los Angeles County,21.91
6037300400,Los Angeles County,27.35
6037300501,Los Angeles County,27.96
6037300502,Los Angeles County,27.35
6037300600,Los Angeles County,28.11
6037300701,Los Angeles County,13.58
6037300702,Los Angeles County,16.78
6037300800,Los Angeles County,22.16
6037300901,Los Angeles County,13.86
6037300902,Los Angeles County,10.25
6037301000,Los Angeles County,30.18
6037301100,Los Angeles County,34.53
6037301203,Los Angeles County,36.93
6037301204,Los Angeles County,44.99
6037301205,Los Angeles County,28.59
6037301206,Los Angeles County,42.68
6037301300,Los Angeles County,22.01
6037301400,Los Angeles County,23.88
6037301501,Los Angeles County,33.56
6037301502,Los Angeles County,51.31
6037301601,Los Angeles County,50.57
6037301602,Los Angeles County,40.19
6037301701,Los Angeles County,39.23
6037301702,Los Angeles County,43.12
6037301801,Los Angeles County,44.61
6037301802,Los Angeles County,47.79
6037301900,Los Angeles County,45.78
6037302002,Los Angeles County,47.98
6037302003,Los Angeles County,54.23
6037302004,Los Angeles County,49.33
6037302102,Los Angeles County,40.98
6037302103,Los Angeles County,54.33
6037302104,Los Angeles County,41.96
6037302201,Los Angeles County,64.02
6037302202,Los Angeles County,58.12
6037302301,Los Angeles County,51.69
6037302302,Los Angeles County,60.42
6037302401,Los Angeles County,60.64
6037302503,Los Angeles County,57.67
6037302504,Los Angeles County,62.54
6037302505,Los Angeles County,58.53
6037302506,Los Angeles County,41.47
6037310100,Los Angeles County,18.83
6037310201,Los Angeles County,32.46
6037310202,Los Angeles County,34.41
6037310300,Los Angeles County,26.55
6037310400,Los Angeles County,32.75
6037310501,Los Angeles County,39.90
6037310601,Los Angeles County,39.19
6037310602,Los Angeles County,30.74
6037310701,Los Angeles County,42.10
6037310702,Los Angeles County,45.62
6037310703,Los Angeles County,42.85
6037310800,Los Angeles County,37.61
6037310900,Los Angeles County,32.31
6037311000,Los Angeles County,31.38
6037311100,Los Angeles County,33.16
6037311200,Los Angeles County,33.26
6037311300,Los Angeles County,33.17
6037311400,Los Angeles County,29.50
6037311500,Los Angeles County,30.46
6037311600,Los Angeles County,31.16
6037311700,Los Angeles County,32.70
6037311801,Los Angeles County,39.24
6037311802,Los Angeles County,46.29
6037320000,Los Angeles County,
6037320100,Los Angeles County,43.97
6037320201,Los Angeles County,54.67
6037320202,Los Angeles County,46.63
6037320300,Los Angeles County,54.67
6037400204,Los Angeles County,20.04
6037400205,Los Angeles County,16.64
6037400206,Los Angeles County,23.23
6037400207,Los Angeles County,21.15
6037400302,Los Angeles County,30.52
6037400304,Los Angeles County,30.64
6037400402,Los Angeles County,19.57
6037400403,Los Angeles County,20.81
6037400404,Los Angeles County,22.20
6037400501,Los Angeles County,15.58
6037400602,Los Angeles County,45.32
6037400603,Los Angeles County,31.69
6037400604,Los Angeles County,37.56
6037400800,Los Angeles County,34.72
6037400900,Los Angeles County,31.00
6037401001,Los Angeles County,23.03
6037401002,Los Angeles County,29.72
6037401101,Los Angeles County,35.34
6037401102,Los Angeles County,35.82
6037401201,Los Angeles County,26.31
6037401202,Los Angeles County,30.40
6037401203,Los Angeles County,34.03
6037401303,Los Angeles County,19.94
6037401304,Los Angeles County,20.39
6037401311,Los Angeles County,26.36
6037401312,Los Angeles County,30.36
6037401500,Los Angeles County,28.98
6037401601,Los Angeles County,29.39
6037401602,Los Angeles County,31.83
6037401603,Los Angeles County,30.42
6037401701,Los Angeles County,30.27
6037401703,Los Angeles County,35.84
6037401704,Los Angeles County,42.49
6037401800,Los Angeles County,25.91
6037401901,Los Angeles County,30.27
6037401902,Los Angeles County,22.75
6037402001,Los Angeles County,33.65
6037402002,Los Angeles County,31.57
6037402101,Los Angeles County,46.19
6037402102,Los Angeles County,41.63
6037402200,Los Angeles County,34.13
6037402301,Los Angeles County,46.63
6037402303,Los Angeles County,50.83
6037402304,Los Angeles County,56.59
6037402402,Los Angeles County,35.62
6037402403,Los Angeles County,31.07
6037402404,Los Angeles County,19.35
6037402405,Los Angeles County,48.39
6037402406,Los Angeles County,46.93
6037402501,Los Angeles County,52.49
6037402502,Los Angeles County,53.43
6037402600,Los Angeles County,47.60
6037402702,Los Angeles County,60.08
6037402703,Los Angeles County,39.71
6037402705,Los Angeles County,44.05
6037402706,Los Angeles County,41.06
6037402801,Los Angeles County,54.42
6037402803,Los Angeles County,51.50
6037402804,Los Angeles County,52.44
6037402902,Los Angeles County,48.62
6037402903,Los Angeles County,47.05
6037402904,Los Angeles County,44.70
6037403000,Los Angeles County,46.71
6037403200,Los Angeles County,47.67
6037403303,Los Angeles County,28.69
6037403304,Los Angeles County,22.52
6037403305,Los Angeles County,13.62
6037403312,Los Angeles County,21.62
6037403316,Los Angeles County,23.55
6037403317,Los Angeles County,19.67
6037403318,Los Angeles County,31.38
6037403319,Los Angeles County,22.28
6037403320,Los Angeles County,19.27
6037403321,Los Angeles County,18.20
6037403322,Los Angeles County,23.67
6037403323,Los Angeles County,23.64
6037403324,Los Angeles County,14.96
6037403325,Los Angeles County,19.01
6037403401,Los Angeles County,27.19
6037403402,Los Angeles County,29.27
6037403403,Los Angeles County,19.99
6037403404,Los Angeles County,23.57
6037403405,Los Angeles County,14.09
6037403406,Los Angeles County,27.44
6037403407,Los Angeles County,14.25
6037403408,Los Angeles County,24.53
6037403500,Los Angeles County,20.00
6037403600,Los Angeles County,30.01
6037403702,Los Angeles County,32.33
6037403703,Los Angeles County,29.43
6037403721,Los Angeles County,34.86
6037403722,Los Angeles County,42.90
6037403801,Los Angeles County,35.90
6037403802,Los Angeles County,35.89
6037403901,Los Angeles County,35.15
6037403902,Los Angeles County,36.40
6037404000,Los Angeles County,36.11
6037404100,Los Angeles County,42.89
6037404201,Los Angeles County,50.70
6037404202,Los Angeles County,43.12
6037404301,Los Angeles County,48.36
6037404302,Los Angeles County,40.75
6037404401,Los Angeles County,43.87
6037404402,Los Angeles County,41.50
6037404501,Los Angeles County,42.19
6037404503,Los Angeles County,42.05
6037404504,Los Angeles County,48.42
6037404600,Los Angeles County,38.52
6037404701,Los Angeles County,50.88
6037404702,Los Angeles County,50.99
6037404703,Los Angeles County,51.11
6037404801,Los Angeles County,47.58
6037404802,Los Angeles County,49.36
6037404803,Los Angeles County,46.40
6037404901,Los Angeles County,45.35
6037404902,Los Angeles County,46.64
6037404903,Los Angeles County,45.60
6037405001,Los Angeles County,45.27
6037405002,Los Angeles County,48.16
6037405101,Los Angeles County,46.83
6037405102,Los Angeles County,53.52
6037405201,Los Angeles County,45.60
6037405202,Los Angeles County,45.71
6037405203,Los Angeles County,37.56
6037405301,Los Angeles County,38.22
6037405302,Los Angeles County,36.49
6037405400,Los Angeles County,34.45
6037405500,Los Angeles County,37.81
6037405600,Los Angeles County,33.22
6037405701,Los Angeles County,39.54
6037405702,Los Angeles County,42.18
6037405800,Los Angeles County,38.42
6037405900,Los Angeles County,37.43
6037406000,Los Angeles County,34.36
6037406101,Los Angeles County,35.53
6037406102,Los Angeles County,40.81
6037406200,Los Angeles County,45.66
6037406300,Los Angeles County,25.54
6037406402,Los Angeles County,30.61
6037406411,Los Angeles County,36.95
6037406412,Los Angeles County,31.78
6037406500,Los Angeles County,33.99
6037406601,Los Angeles County,31.91
6037406602,Los Angeles County,37.50
6037406701,Los Angeles County,34.91
6037406702,Los Angeles County,40.97
6037406800,Los Angeles County,37.18
6037406901,Los Angeles County,40.40
6037406902,Los Angeles County,40.16
6037407001,Los Angeles County,39.97
6037407002,Los Angeles County,43.14
6037407101,Los Angeles County,42.53
6037407102,Los Angeles County,43.30
6037407200,Los Angeles County,49.05
6037407301,Los Angeles County,44.53
6037407302,Los Angeles County,45.46
6037407400,Los Angeles County,32.84
6037407501,Los Angeles County,45.62
6037407502,Los Angeles County,42.51
6037407601,Los Angeles County,50.67
6037407602,Los Angeles County,45.26
6037407701,Los Angeles County,55.23
6037407702,Los Angeles County,43.86
6037407801,Los Angeles County,41.16
6037407802,Los Angeles County,42.28
6037407900,Los Angeles County,38.83
6037408003,Los Angeles County,33.02
6037408004,Los Angeles County,32.32
6037408005,Los Angeles County,26.53
6037408006,Los Angeles County,24.84
6037408133,Los Angeles County,40.66
6037408134,Los Angeles County,29.42
6037408135,Los Angeles County,30.62
6037408136,Los Angeles County,32.94
6037408137,Los Angeles County,36.26
6037408138,Los Angeles County,51.69
6037408139,Los Angeles County,50.10
6037408140,Los Angeles County,45.92
6037408141,Los Angeles County,42.55
6037408202,Los Angeles County,37.05
6037408211,Los Angeles County,43.49
6037408212,Los Angeles County,34.47
6037408301,Los Angeles County,45.97
6037408302,Los Angeles County,35.03
6037408303,Los Angeles County,32.02
6037408401,Los Angeles County,38.59
6037408402,Los Angeles County,29.87
6037408501,Los Angeles County,43.63
6037408503,Los Angeles County,25.77
6037408504,Los Angeles County,36.75
6037408505,Los Angeles County,29.80
6037408623,Los Angeles County,38.08
6037408624,Los Angeles County,34.48
6037408625,Los Angeles County,28.92
6037408626,Los Angeles County,32.99
6037408627,Los Angeles County,24.86
6037408628,Los Angeles County,34.47
6037408629,Los Angeles County,25.89
6037408630,Los Angeles County,39.09
6037408631,Los Angeles County,40.29
6037408703,Los Angeles County,16.26
6037408704,Los Angeles County,44.73
6037408705,Los Angeles County,31.62
6037408706,Los Angeles County,22.81
6037408722,Los Angeles County,29.09
6037408723,Los Angeles County,36.30
6037408724,Los Angeles County,47.79
6037408800,Los Angeles County,55.41
6037430002,Los Angeles County,38.80
6037430003,Los Angeles County,23.77
6037430101,Los Angeles County,44.11
6037430102,Los Angeles County,43.29
6037430200,Los Angeles County,13.13
6037430301,Los Angeles County,17.92
6037430302,Los Angeles County,28.99
6037430400,Los Angeles County,21.70
6037430501,Los Angeles County,11.20
6037430502,Los Angeles County,20.42
6037430600,Los Angeles County,21.50
6037430701,Los Angeles County,22.00
6037430721,Los Angeles County,28.46
6037430723,Los Angeles County,32.44
6037430724,Los Angeles County,34.88
6037430801,Los Angeles County,34.35
6037430802,Los Angeles County,27.26
6037430803,Los Angeles County,25.35
6037430901,Los Angeles County,37.25
6037430902,Los Angeles County,34.17
6037431001,Los Angeles County,36.14
6037431002,Los Angeles County,29.80
6037431100,Los Angeles County,37.67
6037431200,Los Angeles County,37.34
6037431300,Los Angeles County,27.84
6037431400,Los Angeles County,31.21
6037431501,Los Angeles County,37.94
6037431502,Los Angeles County,29.13
6037431600,Los Angeles County,26.74
6037431700,Los Angeles County,28.44
6037431800,Los Angeles County,32.45
6037431900,Los Angeles County,34.98
6037432000,Los Angeles County,28.97
6037432101,Los Angeles County,33.16
6037432102,Los Angeles County,30.75
6037432201,Los Angeles County,40.64
6037432202,Los Angeles County,42.68
6037432300,Los Angeles County,37.57
6037432401,Los Angeles County,49.27
6037432402,Los Angeles County,49.10
6037432500,Los Angeles County,43.82
6037432601,Los Angeles County,50.57
6037432602,Los Angeles County,43.16
6037432700,Los Angeles County,48.55
6037432801,Los Angeles County,65.30
6037432802,Los Angeles County,57.46
6037432901,Los Angeles County,38.28
6037432902,Los Angeles County,37.44
6037433101,Los Angeles County,50.00
6037433102,Los Angeles County,58.68
6037433200,Los Angeles County,50.07
6037433302,Los Angeles County,63.19
6037433304,Los Angeles County,58.93
6037433305,Los Angeles County,56.97
6037433306,Los Angeles County,57.00
6037433307,Los Angeles County,50.56
6037433401,Los Angeles County,52.35
6037433402,Los Angeles County,57.46
6037433403,Los Angeles County,54.62
6037433501,Los Angeles County,64.42
6037433503,Los Angeles County,56.27
6037433504,Los Angeles County,59.42
6037433601,Los Angeles County,41.31
6037433602,Los Angeles County,51.40
6037433700,Los Angeles County,47.19
6037433801,Los Angeles County,59.27
6037433802,Los Angeles County,42.96
6037433901,Los Angeles County,62.26
6037433902,Los Angeles County,44.30
6037434001,Los Angeles County,48.61
6037434003,Los Angeles County,47.62
6037434004,Los Angeles County,49.98
6037460000,Los Angeles County,18.90
6037460100,Los Angeles County,17.53
6037460200,Los Angeles County,21.18
6037460301,Los Angeles County,19.26
6037460302,Los Angeles County,29.87
6037460401,Los Angeles County,25.81
6037460501,Los Angeles County,11.54
6037460502,Los Angeles County,15.91
6037460600,Los Angeles County,10.55
6037460700,Los Angeles County,10.88
6037460800,Los Angeles County,8.34
6037460900,Los Angeles County,38.99
6037461000,Los Angeles County,35.02
6037461100,Los Angeles County,31.35
6037461200,Los Angeles County,20.71
6037461300,Los Angeles County,31.21
6037461400,Los Angeles County,31.95
6037461501,Los Angeles County,28.82
6037461502,Los Angeles County,40.74
6037461600,Los Angeles County,45.29
6037461700,Los Angeles County,23.67
6037461901,Los Angeles County,40.86
6037461902,Los Angeles County,40.45
6037462001,Los Angeles County,40.99
6037462002,Los Angeles County,49.38
6037462100,Los Angeles County,39.07
6037462201,Los Angeles County,42.45
6037462202,Los Angeles County,36.21
6037462301,Los Angeles County,35.64
6037462302,Los Angeles County,34.56
6037462400,Los Angeles County,30.85
6037462500,Los Angeles County,26.10
6037462600,Los Angeles County,25.06
6037462700,Los Angeles County,29.07
6037462800,Los Angeles County,30.64
6037462900,Los Angeles County,25.75
6037463000,Los Angeles County,23.58
6037463101,Los Angeles County,30.40
6037463102,Los Angeles County,28.58
6037463200,Los Angeles County,27.08
6037463300,Los Angeles County,22.91
6037463400,Los Angeles County,28.09
6037463500,Los Angeles County,31.17
6037463601,Los Angeles County,30.35
6037463602,Los Angeles County,32.14
6037463700,Los Angeles County,22.25
6037463800,Los Angeles County,15.49
6037463900,Los Angeles County,19.66
6037464000,Los Angeles County,20.96
6037464100,Los Angeles County,15.44
6037464200,Los Angeles County,21.50
6037480002,Los Angeles County,25.35
6037480011,Los Angeles County,35.28
6037480012,Los Angeles County,29.54
6037480101,Los Angeles County,29.04
6037480102,Los Angeles County,33.01
6037480201,Los Angeles County,24.13
6037480202,Los Angeles County,22.60
6037480302,Los Angeles County,37.67
6037480303,Los Angeles County,40.75
6037480304,Los Angeles County,51.09
6037480400,Los Angeles County,31.99
6037480500,Los Angeles County,19.85
6037480600,Los Angeles County,23.77
6037480702,Los Angeles County,19.12
6037480703,Los Angeles County,20.08
6037480704,Los Angeles County,27.67
6037480802,Los Angeles County,37.70
6037480803,Los Angeles County,36.83
6037480804,Los Angeles County,35.10
6037480901,Los Angeles County,37.84
6037480902,Los Angeles County,45.37
6037480903,Los Angeles County,44.86
6037481001,Los Angeles County,41.27
6037481002,Los Angeles County,40.40
6037481101,Los Angeles County,35.52
6037481102,Los Angeles County,40.27
6037481103,Los Angeles County,38.73
6037481201,Los Angeles County,34.98
6037481202,Los Angeles County,36.10
6037481300,Los Angeles County,39.94
6037481401,Los Angeles County,43.55
6037481402,Los Angeles County,41.87
6037481500,Los Angeles County,42.12
6037481603,Los Angeles County,41.82
6037481604,Los Angeles County,41.76
6037481605,Los Angeles County,41.22
6037481606,Los Angeles County,41.33
6037481711,Los Angeles County,50.85
6037481712,Los Angeles County,47.15
6037481713,Los Angeles County,43.58
6037481714,Los Angeles County,55.04
6037481800,Los Angeles County,32.46
6037481901,Los Angeles County,34.36
6037481902,Los Angeles County,34.20
6037482001,Los Angeles County,31.28
6037482002,Los Angeles County,36.38
6037482101,Los Angeles County,40.05
6037482102,Los Angeles County,31.25
6037482201,Los Angeles County,44.15
6037482202,Los Angeles County,44.79
6037482301,Los Angeles County,47.30
6037482303,Los Angeles County,46.02
6037482304,Los Angeles County,51.18
6037482401,Los Angeles County,44.35
6037482402,Los Angeles County,39.33
6037482502,Los Angeles County,51.24
6037482503,Los Angeles County,47.43
6037482521,Los Angeles County,38.90
6037482522,Los Angeles County,33.04
6037482600,Los Angeles County,32.24
6037482701,Los Angeles County,37.43
6037482702,Los Angeles County,36.32
6037482800,Los Angeles County,33.33
6037500100,Los Angeles County,19.72
6037500201,Los Angeles County,21.84
6037500202,Los Angeles County,22.63
6037500300,Los Angeles County,28.31
6037500402,Los Angeles County,55.04
6037500403,Los Angeles County,41.85
6037500404,Los Angeles County,41.13
6037500500,Los Angeles County,50.03
6037500600,Los Angeles County,54.32
6037500700,Los Angeles County,42.94
6037500800,Los Angeles County,44.51
6037500900,Los Angeles County,48.61
6037501001,Los Angeles County,46.17
6037501002,Los Angeles County,39.87
6037501200,Los Angeles County,39.72
6037501300,Los Angeles County,39.48
6037501400,Los Angeles County,46.35
6037501501,Los Angeles County,24.01
6037501503,Los Angeles County,41.52
6037501504,Los Angeles County,52.39
6037501600,Los Angeles County,30.91
6037501700,Los Angeles County,35.52
6037501802,Los Angeles County,40.07
6037501803,Los Angeles County,57.65
6037501804,Los Angeles County,51.04
6037501900,Los Angeles County,35.69
6037502003,Los Angeles County,43.73
6037502004,Los Angeles County,49.58
6037502005,Los Angeles County,41.45
6037502100,Los Angeles County,43.50
6037502200,Los Angeles County,45.42
6037502301,Los Angeles County,48.48
6037502302,Los Angeles County,55.04
6037502401,Los Angeles County,46.34
6037502402,Los Angeles County,43.15
6037502500,Los Angeles County,51.00
6037502601,Los Angeles County,39.86
6037502602,Los Angeles County,46.92
6037502700,Los Angeles County,42.12
6037502801,Los Angeles County,37.41
6037502802,Los Angeles County,53.64
6037502901,Los Angeles County,41.15
6037502902,Los Angeles County,51.90
6037503000,Los Angeles County,48.34
6037503103,Los Angeles County,38.30
6037503104,Los Angeles County,43.82
6037503105,Los Angeles County,39.97
6037503106,Los Angeles County,44.73
6037503201,Los Angeles County,39.79
6037503202,Los Angeles County,41.57
6037503301,Los Angeles County,32.38
6037503302,Los Angeles County,39.26
6037503401,Los Angeles County,35.39
6037503402,Los Angeles County,34.67
6037503501,Los Angeles County,41.83
6037503502,Los Angeles County,38.18
6037503601,Los Angeles County,28.19
6037503602,Los Angeles County,27.61
6037503701,Los Angeles County,39.36
6037503702,Los Angeles County,36.09
6037503703,Los Angeles County,31.04
6037503801,Los Angeles County,30.46
6037503802,Los Angeles County,35.25
6037503901,Los Angeles County,34.54
6037503902,Los Angeles County,32.76
6037504001,Los Angeles County,28.87
6037504002,Los Angeles County,33.83
6037504101,Los Angeles County,42.36
6037504102,Los Angeles County,
6037530003,Los Angeles County,35.15
6037530004,Los Angeles County,42.33
6037530005,Los Angeles County,37.85
6037530006,Los Angeles County,48.18
6037530101,Los Angeles County,51.19
6037530102,Los Angeles County,50.70
6037530202,Los Angeles County,39.64
6037530203,Los Angeles County,47.13
6037530204,Los Angeles County,48.48
6037530301,Los Angeles County,61.06
6037530302,Los Angeles County,52.37
6037530400,Los Angeles County,49.96
6037530500,Los Angeles County,61.36
6037530601,Los Angeles County,48.90
6037530602,Los Angeles County,41.95
6037530700,Los Angeles County,50.80
6037530801,Los Angeles County,53.57
6037530802,Los Angeles County,48.56
6037530901,Los Angeles County,55.07
6037530902,Los Angeles County,62.92
6037531000,Los Angeles County,52.49
6037531101,Los Angeles County,58.61
6037531102,Los Angeles County,61.57
6037531201,Los Angeles County,56.51
6037531202,Los Angeles County,62.83
6037531301,Los Angeles County,61.00
6037531302,Los Angeles County,62.79
6037531502,Los Angeles County,59.75
6037531503,Los Angeles County,58.56
6037531504,Los Angeles County,58.64
6037531602,Los Angeles County,62.18
6037531603,Los Angeles County,56.01
6037531604,Los Angeles County,62.16
6037531701,Los Angeles County,58.99
6037531702,Los Angeles County,62.08
6037531800,Los Angeles County,56.90
6037531901,Los Angeles County,57.57
6037531902,Los Angeles County,50.28
6037532001,Los Angeles County,52.36
6037532002,Los Angeles County,55.62
6037532101,Los Angeles County,55.46
6037532102,Los Angeles County,43.80
6037532200,Los Angeles County,47.99
6037532302,Los Angeles County,53.76
6037532303,Los Angeles County,48.69
6037532304,Los Angeles County,53.94
6037532400,Los Angeles County,52.37
6037532500,Los Angeles County,58.71
6037532603,Los Angeles County,58.80
6037532604,Los Angeles County,62.49
6037532605,Los Angeles County,68.80
6037532606,Los Angeles County,68.35
6037532700,Los Angeles County,61.96
6037532800,Los Angeles County,70.06
6037532900,Los Angeles County,71.04
6037533001,Los Angeles County,66.10
6037533002,Los Angeles County,64.98
6037533103,Los Angeles County,66.12
6037533104,Los Angeles County,78.78
6037533105,Los Angeles County,63.34
6037533106,Los Angeles County,59.74
6037533107,Los Angeles County,61.80
6037533201,Los Angeles County,59.35
6037533202,Los Angeles County,53.61
6037533203,Los Angeles County,55.89
6037533300,Los Angeles County,62.17
6037533401,Los Angeles County,54.28
6037533402,Los Angeles County,55.03
6037533403,Los Angeles County,59.90
6037533501,Los Angeles County,58.91
6037533502,Los Angeles County,57.49
6037533503,Los Angeles County,60.23
6037533601,Los Angeles County,53.22
6037533602,Los Angeles County,56.48
6037533603,Los Angeles County,56.80
6037533701,Los Angeles County,60.07
6037533702,Los Angeles County,58.25
6037533703,Los Angeles County,56.64
6037533803,Los Angeles County,56.75
6037533804,Los Angeles County,52.04
6037533805,Los Angeles County,52.34
6037533806,Los Angeles County,56.59
6037533901,Los Angeles County,50.00
6037533902,Los Angeles County,48.07
6037534001,Los Angeles County,55.20
6037534002,Los Angeles County,45.22
6037534101,Los Angeles County,53.08
6037534102,Los Angeles County,58.97
6037534201,Los Angeles County,58.45
6037534202,Los Angeles County,57.26
6037534203,Los Angeles County,56.08
6037534301,Los Angeles County,62.40
6037534302,Los Angeles County,55.91
6037534403,Los Angeles County,53.24
6037534404,Los Angeles County,59.01
6037534405,Los Angeles County,58.19
6037534406,Los Angeles County,56.15
6037534501,Los Angeles County,49.90
6037534502,Los Angeles County,53.76
6037534700,Los Angeles County,51.70
6037534802,Los Angeles County,57.32
6037534803,Los Angeles County,57.16
6037534804,Los Angeles County,53.59
6037534900,Los Angeles County,62.20
6037535001,Los Angeles County,65.37
6037535002,Los Angeles County,68.07
6037535101,Los Angeles County,62.28
6037535102,Los Angeles County,63.58
6037535200,Los Angeles County,62.68
6037535300,Los Angeles County,60.80
6037535400,Los Angeles County,66.59
6037535501,Los Angeles County,57.59
6037535502,Los Angeles County,50.99
6037535503,Los Angeles County,57.68
6037535603,Los Angeles County,52.81
6037535604,Los Angeles County,55.48
6037535605,Los Angeles County,59.30
6037535606,Los Angeles County,57.34
6037535607,Los Angeles County,48.03
6037535701,Los Angeles County,46.96
6037535702,Los Angeles County,56.81
6037535802,Los Angeles County,49.85
6037535803,Los Angeles County,54.51
6037535804,Los Angeles County,51.91
6037535901,Los Angeles County,46.45
6037535902,Los Angeles County,42.11
6037536000,Los Angeles County,53.42
6037536102,Los Angeles County,43.85
6037536103,Los Angeles County,48.89
6037536104,Los Angeles County,49.59
6037536200,Los Angeles County,43.51
6037540000,Los Angeles County,50.02
6037540101,Los Angeles County,43.13
6037540102,Los Angeles County,45.13
6037540201,Los Angeles County,59.30
6037540202,Los Angeles County,56.29
6037540203,Los Angeles County,54.71
6037540300,Los Angeles County,50.73
6037540400,Los Angeles County,69.23
6037540501,Los Angeles County,49.16
6037540502,Los Angeles County,54.49
6037540600,Los Angeles County,52.41
6037540700,Los Angeles County,54.50
6037540800,Los Angeles County,45.94
6037540901,Los Angeles County,56.27
6037540902,Los Angeles County,48.75
6037541001,Los Angeles County,53.45
6037541002,Los Angeles County,42.90
6037541100,Los Angeles County,50.92
6037541200,Los Angeles County,52.15
6037541300,Los Angeles County,56.37
6037541400,Los Angeles County,69.04
6037541500,Los Angeles County,60.66
6037541603,Los Angeles County,61.76
6037541604,Los Angeles County,63.30
6037541605,Los Angeles County,57.17
6037541606,Los Angeles County,61.01
6037541700,Los Angeles County,46.91
6037541801,Los Angeles County,47.87
6037541802,Los Angeles County,46.02
6037542000,Los Angeles County,52.11
6037542103,Los Angeles County,59.51
6037542104,Los Angeles County,54.53
6037542105,Los Angeles County,59.42
6037542106,Los Angeles County,57.94
6037542200,Los Angeles County,54.67
6037542401,Los Angeles County,52.28
6037542402,Los Angeles County,49.76
6037542501,Los Angeles County,59.50
6037542502,Los Angeles County,66.79
6037542601,Los Angeles County,66.48
6037542602,Los Angeles County,61.73
6037542700,Los Angeles County,57.54
6037542800,Los Angeles County,50.75
6037542900,Los Angeles County,62.51
6037543000,Los Angeles County,49.33
6037543100,Los Angeles County,50.92
6037543201,Los Angeles County,54.73
6037543202,Los Angeles County,64.36
6037543304,Los Angeles County,42.29
6037543305,Los Angeles County,54.65
6037543306,Los Angeles County,42.94
6037543321,Los Angeles County,36.04
6037543322,Los Angeles County,40.31
6037543400,Los Angeles County,49.30
6037543501,Los Angeles County,47.51
6037543502,Los Angeles County,42.87
6037543503,Los Angeles County,40.25
6037543601,Los Angeles County,40.45
6037543602,Los Angeles County,37.53
6037543603,Los Angeles County,37.23
6037543604,Los Angeles County,40.30
6037543701,Los Angeles County,44.93
6037543702,Los Angeles County,43.66
6037543703,Los Angeles County,39.48
6037543801,Los Angeles County,45.59
6037543802,Los Angeles County,44.75
6037543903,Los Angeles County,42.47
6037543905,Los Angeles County,49.56
6037544001,Los Angeles County,48.20
6037544002,Los Angeles County,43.13
6037550000,Los Angeles County,53.30
6037550100,Los Angeles County,40.41
6037550201,Los Angeles County,43.23
6037550202,Los Angeles County,46.51
6037550300,Los Angeles County,42.46
6037550400,Los Angeles County,34.26
6037550500,Los Angeles County,34.27
6037550601,Los Angeles County,38.14
6037550602,Los Angeles County,33.86
6037550700,Los Angeles County,31.79
6037550800,Los Angeles County,36.87
6037550901,Los Angeles County,44.23
6037550902,Los Angeles County,38.41
6037551000,Los Angeles County,31.77
6037551101,Los Angeles County,50.69
6037551102,Los Angeles County,47.54
6037551201,Los Angeles County,40.88
6037551202,Los Angeles County,43.57
6037551300,Los Angeles County,44.27
6037551401,Los Angeles County,43.00
6037551402,Los Angeles County,34.84
6037551501,Los Angeles County,36.72
6037551502,Los Angeles County,38.00
6037551600,Los Angeles County,55.90
6037551700,Los Angeles County,42.72
6037551800,Los Angeles County,41.49
6037551900,Los Angeles County,46.21
6037552001,Los Angeles County,42.28
6037552002,Los Angeles County,48.57
6037552100,Los Angeles County,52.37
6037552200,Los Angeles County,53.91
6037552301,Los Angeles County,43.46
6037552302,Los Angeles County,45.23
6037552400,Los Angeles County,44.65
6037552601,Los Angeles County,51.85
6037552602,Los Angeles County,47.19
6037552700,Los Angeles County,45.10
6037552800,Los Angeles County,47.75
6037552900,Los Angeles County,46.85
6037553000,Los Angeles County,40.55
6037553100,Los Angeles County,43.19
6037553200,Los Angeles County,43.99
6037553300,Los Angeles County,46.95
6037553400,Los Angeles County,39.63
6037553502,Los Angeles County,48.84
6037553503,Los Angeles County,42.01
6037553504,Los Angeles County,50.75
6037553601,Los Angeles County,49.26
6037553602,Los Angeles County,46.94
6037553701,Los Angeles County,52.94
6037553702,Los Angeles County,56.40
6037553801,Los Angeles County,53.99
6037553802,Los Angeles County,55.32
6037553901,Los Angeles County,45.40
6037553902,Los Angeles County,48.63
6037554001,Los Angeles County,45.53
6037554002,Los Angeles County,51.64
6037554101,Los Angeles County,59.19
6037554103,Los Angeles County,45.92
6037554104,Los Angeles County,51.50
6037554105,Los Angeles County,57.37
6037554201,Los Angeles County,47.80
6037554203,Los Angeles County,50.80
6037554204,Los Angeles County,55.31
6037554301,Los Angeles County,49.09
6037554302,Los Angeles County,48.81
6037554403,Los Angeles County,53.25
6037554404,Los Angeles County,52.60
6037554405,Los Angeles County,52.69
6037554406,Los Angeles County,34.54
6037554511,Los Angeles County,34.57
6037554512,Los Angeles County,32.56
6037554513,Los Angeles County,30.10
6037554514,Los Angeles County,33.05
6037554515,Los Angeles County,31.99
6037554516,Los Angeles County,29.55
6037554517,Los Angeles County,33.92
6037554518,Los Angeles County,31.50
6037554519,Los Angeles County,31.20
6037554521,Los Angeles County,33.16
6037554522,Los Angeles County,31.83
6037554600,Los Angeles County,44.97
6037554700,Los Angeles County,44.24
6037554801,Los Angeles County,44.22
6037554802,Los Angeles County,38.72
6037554900,Los Angeles County,40.95
6037555001,Los Angeles County,48.78
6037555002,Los Angeles County,36.89
6037555102,Los Angeles County,49.79
6037555103,Los Angeles County,41.71
6037555104,Los Angeles County,40.01
6037555202,Los Angeles County,29.20
6037555211,Los Angeles County,55.92
6037555212,Los Angeles County,54.07
6037570001,Los Angeles County,33.28
6037570002,Los Angeles County,32.51
6037570003,Los Angeles County,35.88
6037570100,Los Angeles County,46.46
6037570202,Los Angeles County,46.12
6037570203,Los Angeles County,54.36
6037570204,Los Angeles County,53.62
6037570301,Los Angeles County,58.57
6037570303,Los Angeles County,56.53
6037570304,Los Angeles County,59.59
6037570402,Los Angeles County,46.10
6037570403,Los Angeles County,56.57
6037570404,Los Angeles County,50.69
6037570501,Los Angeles County,49.57
6037570502,Los Angeles County,52.73
6037570601,Los Angeles County,54.08
6037570602,Los Angeles County,53.87
6037570603,Los Angeles County,55.13
6037570701,Los Angeles County,36.44
6037570702,Los Angeles County,35.87
6037570800,Los Angeles County,32.89
6037570901,Los Angeles County,32.12
6037570902,Los Angeles County,33.81
6037571000,Los Angeles County,29.93
6037571101,Los Angeles County,32.92
6037571102,Los Angeles County,31.53
6037571200,Los Angeles County,27.55
6037571300,Los Angeles County,32.11
6037571400,Los Angeles County,36.94
6037571502,Los Angeles County,35.41
6037571503,Los Angeles County,34.47
6037571504,Los Angeles County,33.03
6037571600,Los Angeles County,62.66
6037571701,Los Angeles County,52.75
6037571703,Los Angeles County,59.48
6037571704,Los Angeles County,54.49
6037571800,Los Angeles County,25.09
6037571900,Los Angeles County,35.12
6037572001,Los Angeles County,30.74
6037572002,Los Angeles County,39.12
6037572100,Los Angeles County,42.11
6037572201,Los Angeles County,43.42
6037572202,Los Angeles County,45.82
6037572301,Los Angeles County,48.13
6037572302,Los Angeles County,44.89
6037572400,Los Angeles County,40.68
6037572500,Los Angeles County,57.06
6037572600,Los Angeles County,43.66
6037572700,Los Angeles County,46.77
6037572800,Los Angeles County,63.55
6037572900,Los Angeles County,54.94
6037573002,Los Angeles County,72.06
6037573003,Los Angeles County,56.66
6037573004,Los Angeles County,60.23
6037573100,Los Angeles County,55.08
6037573201,Los Angeles County,63.27
6037573202,Los Angeles County,58.17
6037573300,Los Angeles County,57.42
6037573401,Los Angeles County,39.26
6037573402,Los Angeles County,39.78
6037573403,Los Angeles County,30.35
6037573601,Los Angeles County,26.25
6037573700,Los Angeles County,28.37
6037573800,Los Angeles County,27.78
6037573902,Los Angeles County,25.03
6037574000,Los Angeles County,27.22
6037574100,Los Angeles County,27.62
6037574201,Los Angeles County,28.02
6037574202,Los Angeles County,31.81
6037574300,Los Angeles County,30.34
6037574400,Los Angeles County,29.15
6037574500,Los Angeles County,27.80
6037574601,Los Angeles County,19.01
6037574602,Los Angeles County,23.17
6037574700,Los Angeles County,23.13
6037574800,Los Angeles County,25.23
6037574901,Los Angeles County,27.43
6037574902,Los Angeles County,35.86
6037575001,Los Angeles County,31.27
6037575002,Los Angeles County,41.51
6037575101,Los Angeles County,60.29
6037575102,Los Angeles County,65.35
6037575103,Los Angeles County,55.31
6037575201,Los Angeles County,70.47
6037575202,Los Angeles County,73.01
6037575300,Los Angeles County,77.65
6037575401,Los Angeles County,76.02
6037575402,Los Angeles County,72.96
6037575500,Los Angeles County,78.85
6037575801,Los Angeles County,74.85
6037575802,Los Angeles County,76.12
6037575803,Los Angeles County,82.59
6037575901,Los Angeles County,63.72
6037575902,Los Angeles County,60.79
6037576001,Los Angeles County,48.91
6037576200,Los Angeles County,63.69
6037576301,Los Angeles County,69.69
6037576302,Los Angeles County,75.00
6037576401,Los Angeles County,74.90
6037576402,Los Angeles County,74.87
6037576403,Los Angeles County,66.50
6037576501,Los Angeles County,57.43
6037576502,Los Angeles County,54.37
6037576503,Los Angeles County,48.47
6037576601,Los Angeles County,47.36
6037576602,Los Angeles County,38.77
6037576700,Los Angeles County,29.98
6037576801,Los Angeles County,40.97
6037576802,Los Angeles County,34.74
6037576901,Los Angeles County,63.89
6037576903,Los Angeles County,59.46
6037576904,Los Angeles County,50.41
6037577000,Los Angeles County,44.27
6037577100,Los Angeles County,31.12
6037577200,Los Angeles County,31.60
6037577300,Los Angeles County,33.30
6037577400,Los Angeles County,29.69
6037577501,Los Angeles County,29.24
6037577504,Los Angeles County,32.59
6037577602,Los Angeles County,26.11
6037577603,Los Angeles County,26.47
6037577604,Los Angeles County,28.60
6037599000,Los Angeles County,50.91
6037599100,Los Angeles County,22.74
6037600100,Los Angeles County,67.67
6037600201,Los Angeles County,68.32
6037600202,Los Angeles County,58.20
6037600302,Los Angeles County,52.91
6037600303,Los Angeles County,69.97
6037600304,Los Angeles County,70.53
6037600400,Los Angeles County,57.91
6037600501,Los Angeles County,49.18
6037600502,Los Angeles County,51.78
6037600601,Los Angeles County,45.29
6037600602,Los Angeles County,67.05
6037600702,Los Angeles County,46.59
6037600703,Los Angeles County,49.66
6037600704,Los Angeles County,46.83
6037600801,Los Angeles County,49.07
6037600802,Los Angeles County,46.44
6037600902,Los Angeles County,58.45
6037600911,Los Angeles County,51.15
6037600912,Los Angeles County,56.13
6037601001,Los Angeles County,53.22
6037601002,Los Angeles County,55.62
6037601100,Los Angeles County,58.84
6037601202,Los Angeles County,57.98
6037601211,Los Angeles County,58.91
6037601212,Los Angeles County,60.27
6037601301,Los Angeles County,41.26
6037601302,Los Angeles County,54.45
6037601303,Los Angeles County,57.85
6037601401,Los Angeles County,54.78
6037601402,Los Angeles County,56.40
6037601501,Los Angeles County,59.45
6037601502,Los Angeles County,57.53
6037601600,Los Angeles County,58.28
6037601700,Los Angeles County,61.18
6037601801,Los Angeles County,58.29
6037601802,Los Angeles County,58.88
6037601900,Los Angeles County,63.14
6037602002,Los Angeles County,50.52
6037602003,Los Angeles County,63.41
6037602004,Los Angeles County,61.46
6037602103,Los Angeles County,56.09
6037602104,Los Angeles County,54.33
6037602105,Los Angeles County,57.41
6037602106,Los Angeles County,50.98
6037602200,Los Angeles County,42.54
6037602301,Los Angeles County,45.44
6037602302,Los Angeles County,39.52
6037602402,Los Angeles County,50.61
6037602403,Los Angeles County,53.99
6037602404,Los Angeles County,53.64
6037602504,Los Angeles County,53.38
6037602505,Los Angeles County,59.99
6037602506,Los Angeles County,52.09
6037602507,Los Angeles County,52.90
6037602508,Los Angeles County,55.92
6037602509,Los Angeles County,51.00
6037602600,Los Angeles County,46.42
6037602700,Los Angeles County,44.24
6037602801,Los Angeles County,66.88
6037602802,Los Angeles County,51.63
6037602900,Los Angeles County,51.52
6037603001,Los Angeles County,54.61
6037603004,Los Angeles County,53.49
6037603005,Los Angeles County,52.22
6037603006,Los Angeles County,48.23
6037603101,Los Angeles County,48.68
6037603102,Los Angeles County,50.29
6037603200,Los Angeles County,45.10
6037603301,Los Angeles County,46.65
6037603302,Los Angeles County,47.31
6037603400,Los Angeles County,44.95
6037603500,Los Angeles County,49.12
6037603600,Los Angeles County,45.36
6037603702,Los Angeles County,43.77
6037603703,Los Angeles County,43.07
6037603704,Los Angeles County,59.98
6037603801,Los Angeles County,51.07
6037603802,Los Angeles County,52.32
6037603900,Los Angeles County,49.35
6037604001,Los Angeles County,49.29
6037604002,Los Angeles County,46.39
6037604100,Los Angeles County,50.63
6037609900,Los Angeles County,42.75
6037620001,Los Angeles County,27.79
6037620002,Los Angeles County,30.99
6037620101,Los Angeles County,26.81
6037620102,Los Angeles County,29.35
6037620201,Los Angeles County,29.84
6037620301,Los Angeles County,22.03
6037620303,Los Angeles County,24.84
6037620305,Los Angeles County,27.09
6037620400,Los Angeles County,23.70
6037620501,Los Angeles County,28.40
6037620521,Los Angeles County,33.75
6037620522,Los Angeles County,29.70
6037620601,Los Angeles County,33.83
6037620602,Los Angeles County,29.18
6037620701,Los Angeles County,32.01
6037620702,Los Angeles County,28.18
6037620800,Los Angeles County,23.59
6037620901,Los Angeles County,23.72
6037620904,Los Angeles County,27.45
6037621001,Los Angeles County,26.35
6037621002,Los Angeles County,29.48
6037621004,Los Angeles County,28.20
6037621102,Los Angeles County,26.38
6037621104,Los Angeles County,27.84
6037621201,Los Angeles County,26.34
6037621204,Los Angeles County,33.06
6037621301,Los Angeles County,28.01
6037621324,Los Angeles County,29.87
6037621326,Los Angeles County,29.43
6037621400,Los Angeles County,26.67
6037650001,Los Angeles County,39.98
6037650003,Los Angeles County,41.79
6037650004,Los Angeles County,40.02
6037650101,Los Angeles County,33.48
6037650102,Los Angeles County,34.17
6037650200,Los Angeles County,35.16
6037650300,Los Angeles County,35.16
6037650401,Los Angeles County,29.50
6037650501,Los Angeles County,29.41
6037650502,Los Angeles County,27.16
6037650602,Los Angeles County,37.58
6037650603,Los Angeles County,31.68
6037650604,Los Angeles County,40.29
6037650605,Los Angeles County,34.88
6037650701,Los Angeles County,31.85
6037650702,Los Angeles County,26.36
6037650800,Los Angeles County,31.36
6037650901,Los Angeles County,41.88
6037650902,Los Angeles County,39.78
6037651001,Los Angeles County,36.95
6037651002,Los Angeles County,35.94
6037651101,Los Angeles County,30.53
6037651102,Los Angeles County,33.35
6037651201,Los Angeles County,24.16
6037651221,Los Angeles County,39.00
6037651222,Los Angeles County,28.36
6037651302,Los Angeles County,23.46
6037651304,Los Angeles County,24.28
6037651401,Los Angeles County,25.84
6037651402,Los Angeles County,27.94
6037670001,Los Angeles County,37.19
6037670002,Los Angeles County,42.26
6037670003,Los Angeles County,38.21
6037670100,Los Angeles County,38.29
6037670201,Los Angeles County,13.49
6037670202,Los Angeles County,15.90
6037670324,Los Angeles County,12.44
6037670326,Los Angeles County,13.60
6037670328,Los Angeles County,16.10
6037670403,Los Angeles County,15.74
6037670405,Los Angeles County,19.54
6037670406,Los Angeles County,15.26
6037670407,Los Angeles County,22.66
6037670411,Los Angeles County,15.92
6037670413,Los Angeles County,18.09
6037670416,Los Angeles County,18.37
6037670500,Los Angeles County,5.95
6037670602,Los Angeles County,12.53
6037670701,Los Angeles County,23.67
6037670702,Los Angeles County,13.33
6037700101,Los Angeles County,46.38
6037700102,Los Angeles County,47.76
6037700200,Los Angeles County,37.60
6037700300,Los Angeles County,31.15
6037700400,Los Angeles County,33.03
6037700501,Los Angeles County,31.30
6037700502,Los Angeles County,31.83
6037700600,Los Angeles County,19.75
6037700700,Los Angeles County,18.94
6037700801,Los Angeles County,35.94
6037700802,Los Angeles County,33.12
6037700901,Los Angeles County,31.60
6037700902,Los Angeles County,32.17
6037701000,Los Angeles County,25.89
6037701100,Los Angeles County,39.18
6037701201,Los Angeles County,18.28
6037701202,Los Angeles County,30.31
6037701302,Los Angeles County,31.89
6037701304,Los Angeles County,22.82
6037701402,Los Angeles County,37.48
6037701501,Los Angeles County,32.12
6037701502,Los Angeles County,42.36
6037701601,Los Angeles County,25.15
6037701602,Los Angeles County,40.88
6037701701,Los Angeles County,42.82
6037701702,Los Angeles County,47.24
6037701801,Los Angeles County,42.89
6037701802,Los Angeles County,43.45
6037701902,Los Angeles County,52.02
6037702002,Los Angeles County,35.59
6037702102,Los Angeles County,31.21
6037702201,Los Angeles County,32.32
6037702202,Los Angeles County,29.04
6037702300,Los Angeles County,31.02
6037702400,Los Angeles County,35.47
6037702501,Los Angeles County,27.06
6037702502,Los Angeles County,30.84
6037702600,Los Angeles County,32.22
6037702700,Los Angeles County,28.95
6037702801,Los Angeles County,35.83
6037702802,Los Angeles County,34.01
6037702803,Los Angeles County,38.19
6037702901,Los Angeles County,32.98
6037703001,Los Angeles County,29.79
6037703002,Los Angeles County,30.67
6037703100,Los Angeles County,39.58
6037703200,Los Angeles County,43.04
6037800101,Los Angeles County,11.29
6037800102,Los Angeles County,8.20
6037800202,Los Angeles County,14.21
6037800203,Los Angeles County,10.86
6037800204,Los Angeles County,16.77
6037800324,Los Angeles County,19.89
6037800325,Los Angeles County,20.46
6037800326,Los Angeles County,10.86
6037800327,Los Angeles County,20.21
6037800328,Los Angeles County,17.92
6037800329,Los Angeles County,16.53
6037800330,Los Angeles County,7.17
6037800331,Los Angeles County,15.18
6037800332,Los Angeles County,16.19
6037800406,Los Angeles County,11.54
6037800408,Los Angeles County,13.30
6037800410,Los Angeles County,10.58
6037800504,Los Angeles County,14.48
6037800506,Los Angeles County,16.46
6037900102,Los Angeles County,49.84
6037900103,Los Angeles County,44.39
6037900104,Los Angeles County,42.05
6037900201,Los Angeles County,46.87
6037900300,Los Angeles County,43.01
6037900501,Los Angeles County,54.22
6037900504,Los Angeles County,39.42
6037900505,Los Angeles County,57.13
6037900506,Los Angeles County,53.74
6037900507,Los Angeles County,48.33
6037900508,Los Angeles County,42.32
6037900602,Los Angeles County,59.87
6037900605,Los Angeles County,52.80
6037900606,Los Angeles County,60.12
6037900607,Los Angeles County,64.57
6037900608,Los Angeles County,53.04
6037900609,Los Angeles County,53.72
6037900701,Los Angeles County,63.58
6037900703,Los Angeles County,67.41
6037900704,Los Angeles County,52.44
6037900705,Los Angeles County,45.39
6037900803,Los Angeles County,59.38
6037900804,Los Angeles County,63.40
6037900805,Los Angeles County,53.02
6037900806,Los Angeles County,74.02
6037900900,Los Angeles County,25.79
6037901003,Los Angeles County,29.19
6037901004,Los Angeles County,24.05
6037901007,Los Angeles County,17.74
6037901008,Los Angeles County,33.67
6037901009,Los Angeles County,34.64
6037901010,Los Angeles County,34.53
6037901011,Los Angeles County,31.74
6037901101,Los Angeles County,27.97
6037901102,Los Angeles County,28.30
6037901205,Los Angeles County,29.25
6037901209,Los Angeles County,21.80
6037901210,Los Angeles County,16.10
6037901213,Los Angeles County,16.88
6037910001,Los Angeles County,33.42
6037910002,Los Angeles County,34.28
6037910101,Los Angeles County,45.94
6037910201,Los Angeles County,35.70
6037910202,Los Angeles County,12.41
6037910205,Los Angeles County,28.60
6037910206,Los Angeles County,26.33
6037910207,Los Angeles County,26.74
6037910208,Los Angeles County,30.16
6037910209,Los Angeles County,22.31
6037910210,Los Angeles County,25.06
6037910301,Los Angeles County,24.79
6037910302,Los Angeles County,21.92
6037910401,Los Angeles County,22.16
6037910402,Los Angeles County,59.50
6037910403,Los Angeles County,56.48
6037910404,Los Angeles County,42.12
6037910501,Los Angeles County,69.89
6037910502,Los Angeles County,57.91
6037910504,Los Angeles County,55.05
6037910505,Los Angeles County,50.98
6037910601,Los Angeles County,54.52
6037910602,Los Angeles County,55.10
6037910603,Los Angeles County,53.03
6037910605,Los Angeles County,47.89
6037910606,Los Angeles County,46.12
6037910705,Los Angeles County,33.50
6037910706,Los Angeles County,40.04
6037910707,Los Angeles County,39.75
6037910709,Los Angeles County,26.14
6037910711,Los Angeles County,40.34
6037910712,Los Angeles County,30.32
6037910713,Los Angeles County,38.75
6037910714,Los Angeles County,41.50
6037910715,Los Angeles County,45.02
6037910716,Los Angeles County,40.00
6037910804,Los Angeles County,15.33
6037910805,Los Angeles County,19.89
6037910807,Los Angeles County,17.22
6037910808,Los Angeles County,20.26
6037910809,Los Angeles County,14.51
6037910810,Los Angeles County,23.03
6037910811,Los Angeles County,12.80
6037910812,Los Angeles County,29.57
6037910813,Los Angeles County,12.74
6037911001,Los Angeles County,27.37
6037920011,Los Angeles County,17.06
6037920012,Los Angeles County,14.04
6037920013,Los Angeles County,16.82
6037920015,Los Angeles County,13.48
6037920016,Los Angeles County,14.33
6037920017,Los Angeles County,25.25
6037920018,Los Angeles County,23.86
6037920020,Los Angeles County,21.59
6037920023,Los Angeles County,41.25
6037920026,Los Angeles County,24.77
6037920028,Los Angeles County,16.98
6037920029,Los Angeles County,23.67
6037920030,Los Angeles County,24.67
6037920031,Los Angeles County,18.38
6037920032,Los Angeles County,15.89
6037920033,Los Angeles County,24.55
6037920034,Los Angeles County,23.31
6037920035,Los Angeles County,34.27
6037920036,Los Angeles County,37.56
6037920037,Los Angeles County,40.73
6037920038,Los Angeles County,32.35
6037920039,Los Angeles County,21.66
6037920040,Los Angeles County,18.67
6037920041,Los Angeles County,30.89
6037920042,Los Angeles County,25.36
6037920043,Los Angeles County,20.54
6037920044,Los Angeles County,24.83
6037920045,Los Angeles County,19.03
6037920102,Los Angeles County,27.53
6037920104,Los Angeles County,21.65
6037920106,Los Angeles County,24.45
6037920107,Los Angeles County,13.31
6037920108,Los Angeles County,15.69
6037920109,Los Angeles County,17.54
6037920110,Los Angeles County,21.23
6037920111,Los Angeles County,21.53
6037920112,Los Angeles County,23.88
6037920114,Los Angeles County,20.51
6037920115,Los Angeles County,21.31
6037920116,Los Angeles County,11.34
6037920118,Los Angeles County,15.35
6037920119,Los Angeles County,8.54
6037920200,Los Angeles County,26.32
6037920303,Los Angeles County,16.12
6037920312,Los Angeles County,25.01
6037920313,Los Angeles County,27.34
6037920314,Los Angeles County,9.84
6037920322,Los Angeles County,23.02
6037920326,Los Angeles County,20.61
6037920328,Los Angeles County,20.88
6037920329,Los Angeles County,21.54
6037920330,Los Angeles County,21.25
6037920331,Los Angeles County,25.93
6037920332,Los Angeles County,16.12
6037920334,Los Angeles County,26.52
6037920336,Los Angeles County,41.58
6037920337,Los Angeles County,41.66
6037920338,Los Angeles County,14.10
6037920339,Los Angeles County,11.58
6037930101,Los Angeles County,11.09
6037930200,Los Angeles County,19.35
6037930301,Los Angeles County,20.48
6037980001,Los Angeles County,
6037980002,Los Angeles County,
6037980003,Los Angeles County,
6037980004,Los Angeles County,25.04
6037980005,Los Angeles County,
6037980006,Los Angeles County,
6037980007,Los Angeles County,
6037980008,Los Angeles County,60.23
6037980009,Los Angeles County,7.96
6037980010,Los Angeles County,50.73
6037980013,Los Angeles County,
6037980014,Los Angeles County,40.48
6037980015,Los Angeles County,37.01
6037980018,Los Angeles County,
6037980019,Los Angeles County,8.86
6037980020,Los Angeles County,
6037980021,Los Angeles County,
6037980022,Los Angeles County,
6037980023,Los Angeles County,30.03
6037980024,Los Angeles County,17.33
6037980025,Los Angeles County,
6037980026,Los Angeles County,14.31
6037980028,Los Angeles County,
6037980030,Los Angeles County,
6037980031,Los Angeles County,38.32
6037980033,Los Angeles County,
6037990300,Los Angeles County,
